question_id,question,label,mode,answer,comprehensiveness,empowerment,diversity,overall,comment
1,What is the treatment protocol for acute lymphoblastic leukemia in children?,Baseline,semantic_only,"Based on the provided knowledge graph context, there is **no specific information** about a treatment protocol for acute lymphoblastic leukemia (Острый лимфобластный лейкоз) in children.

Here is what can be concluded from the available data:

1.  **Condition Identification:** The knowledge graph confirms that ""Острый лимфобластный лейкоз"" (Acute Lymphoblastic Leukemia, ALL) is a distinct condition (ICD code C91.0). It is part of the broader category ""лимфобластные лейкозы/лимфомы"" (lymphoblastic leukemias/lymphomas).

2.  **Lack of Treatment Information:** While the graph contains treatment relations for other conditions (e.g., `R-mNHL-BFM-90 --[treats]--> В-клеточная лимфома` and `превентивной лимфодиссекции --[treats]--> АКР`), **no specific treatment protocol, chemotherapy regimen, or therapeutic guideline is linked to Acute Lymphoblastic Leukemia** in this dataset.

3.  **Related Administrative Context:** The graph shows a relation between ALL and the ""Министерство Здравоохранения Российской Федерации"" (Ministry of Health of the Russian Federation) and the WHO (""ВОЗ""). This implies that treatment protocols likely exist and are governed by these authoritative bodies, but their details are not included in the provided knowledge graph snippets.

**Conclusion:** The knowledge graph does not contain the necessary information to answer the question about the specific treatment protocol for pediatric ALL. To obtain this information, you would need to consult the official clinical guidelines from the Ministry of Health of the Russian Federation or international protocols (such as those from the WHO or collaborative groups like BFM, COG, or others referenced in global oncology).",8,7,6,7,The answer's main strength is its clear explanation of what information is available versus missing in the knowledge graph.
2,What induction therapy is used for ALL with BCR-ABL1 mutation?,Baseline,semantic_only,"Based on the provided knowledge graph context, I can provide specific information about therapy for conditions involving BCR-ABL1, but there is a critical distinction to make regarding the question's terminology.

**Key Clarification from the Knowledge Graph:**
The graph distinguishes between two main entities:
1.  **Ph-позитивный ОЛЛ (Ph-positive ALL):** Caused by the **BCR::ABL1** fusion gene (from translocation t(9;22)). This is directly diagnosed by tests for мРНК BCR-ABLp190 or p210.
2.  **BCR-ABL1-подобный ОЛЛ (BCR-ABL1-like ALL):** Also called ""Ph-like ALL."" This is a genetically distinct subgroup that *lacks* the BCR-ABL1 fusion but has a similar gene expression profile and activation of kinase signaling pathways (involving genes like CRLF2, JAK2, ABL1, ABL2, PDGFRB, EPOR).

**Answer to Your Question:**

The term ""ALL with BCR-ABL1 mutation"" in standard clinical parlance refers to **Ph-positive ALL**. For this condition, the knowledge graph explicitly states:

> **Relation: ингибиторы тирозинкиназы BCR-ABL --[treats]--> Ph-позитивные ОЛЛ**

Therefore, the cornerstone of modern induction therapy for **Ph-positive ALL** is the addition of a **BCR-ABL tyrosine kinase inhibitor (TKI)** to standard chemotherapy regimens. Common TKIs used include imatinib, dasatinib, or ponatinib. The graph does not specify the exact chemotherapy backbone, but standard multi-agent induction protocols (e.g., based on vincristine, corticosteroid, anthracycline) are used in combination with the TKI.

**Important Consideration - BCR-ABL1-like ALL:**
If the question inadvertently refers to **BCR-ABL1-like (Ph-like) ALL**, the knowledge graph indicates a different therapeutic approach:
> **Relation: ТКИ --[treats]--> BCR-ABL1*-подобный ОЛЛ**

""ТКИ"" is the Russian abbreviation for TKI (tyrosine kinase inhibitor). However, the specific TKI used depends on the altered kinase pathway in the individual case (e.g., JAK inhibitors for JAK-STAT pathway alterations, or ABL-class inhibitors for ABL1, ABL2, PDGFRB, or CSF1R alterations). This is more targeted than the universal use of BCR-ABL inhibitors in true Ph-positive ALL.

**Conclusion:**
For **Ph-positive ALL (with the BCR-ABL1 fusion gene)**, induction therapy consists of **standard chemotherapy combined with a BCR-ABL tyrosine kinase inhibitor (TKI)**.",9,8,9,9,"The answer's main strength is its careful distinction between Ph-positive ALL and BCR-ABL1-like ALL, providing specific therapeutic approaches for each condition."
3,How is minimal residual disease monitored in acute lymphoblastic leukemia?,Baseline,semantic_only,"На основании предоставленного контекста знаний, в графе отсутствует информация о методах мониторинга минимальной остаточной болезни (МОБ) при остром лимфобластном лейкозе (ОЛЛ).

Из контекста можно извлечь следующую информацию, касающуюся ОЛЛ:
*   **Острый лимфобластный лейкоз** — это заболевание, кодируемое как **C91.0** в классификации МКБ.
*   Он является частью категории **Лимфоидный лейкоз (C91)**.
*   Одним из его проявлений может быть **опухолевое поражение ЦНС**.
*   Он связан с классификациями ВОЗ и рекомендациями Министерства Здравоохранения РФ.

Однако в графе знаний **не описаны** конкретные методы диагностики или мониторинга, такие как проточная цитометрия, полимеразная цепная реакция (ПЦР) или секвенирование нового поколения (NGS), которые являются стандартными для оценки МОБ.

**Вывод:** Предоставленный фрагмент графа знаний не содержит данных, необходимых для ответа на вопрос о мониторинге минимальной остаточной болезни при ОЛЛ. Для получения этой информации необходимо обратиться к клиническим руководствам и протоколам лечения, которые детально описывают методы и частоту оценки МОБ.",2,3,1,2,"The main weakness is that the answer explicitly states it lacks the requested information about MRD monitoring methods, making it unhelpful for the medical question asked."
4,What is the standard induction chemotherapy for acute myeloid leukemia?,Baseline,semantic_only,"Based on the provided knowledge graph context, I cannot give a specific answer regarding the standard induction chemotherapy for acute myeloid leukemia (AML).

Here is what I can determine from the available information:

*   The knowledge graph contains information about **induction chemotherapy** (индукционная химиотерапия) and **intensive induction chemotherapy** (интенсивная индукционная химиотерапия) as general procedures.
*   It indicates that **intensive induction chemotherapy** has a contraindication for patients with **сопутствующие заболевания** (comorbidities).
*   However, the context does **not** link these procedures specifically to **acute myeloid leukemia (AML)**. The only leukemia subtype explicitly mentioned is **MLL-лейкемия (MLL leukemia)**, which is stated to be a part of **ОЛЛ** (acute lymphoblastic leukemia or ALL), not AML.
*   The graph discusses other chemotherapy types (e.g., противоопухолевая, цитотоксическая) and their side effects, but none are specified as the standard regimen for AML.

**Conclusion:** The knowledge graph lacks the necessary relations to identify which specific chemotherapy drugs or protocols constitute the standard induction therapy for AML. To answer this question, information linking ""induction chemotherapy"" or a specific drug regimen (e.g., ""7+3"" cytarabine and an anthracycline) to the condition ""acute myeloid leukemia"" would be required.",2,1,3,2,"The main weakness is that it fails to provide the requested medical information, instead explaining why it cannot answer based on a hypothetical knowledge graph."
5,How is acute promyelocytic leukemia treated differently from other AML subtypes?,Baseline,semantic_only,"Based on the provided knowledge graph context, I cannot answer your question about the specific treatment differences for acute promyelocytic leukemia (APL) compared to other AML subtypes.

**Reason:** The knowledge graph does not contain any information on the entity ""acute promyelocytic leukemia"" (APL or ОПЛ in Russian), its classification, or its specific treatments. The context focuses on other conditions like MLL-leukemia (a subtype often of ALL), leukemic infiltration, and general procedures like leukapheresis. There is no mention of differentiation therapy with all-trans retinoic acid (ATRA) or arsenic trioxide, which are the cornerstone treatments that distinguish APL management from other AMLs.

**What I can confirm from the context:**
*   The graph contains information on **MLL-лейкемия**, which is stated to be *part_of* **ОЛЛ** (Acute Lymphoblastic Leukemia or ALL), not AML.
*   It mentions a procedure, **лейкоцитаферезы** (leukapheresis), which is indicated as a treatment for **ОЛЛ** (ALL), not specifically for AML subtypes.
*   The entities and relations are centered around general leukemic cells, infiltration, and basic diagnostic components like white blood cell counts.

To answer your question accurately, information on the unique pathophysiology of APL (involving the PML-RARA fusion gene) and its targeted therapies would be required, which is not present in the provided knowledge graph snippet.",2,3,4,3,The answer correctly identifies its inability to answer due to missing information but fails to provide any actual treatment differences for APL versus other AML subtypes.
6,What is the first-line treatment for aggressive non-follicular lymphoma?,Baseline,semantic_only,"Based on the provided knowledge graph context, there is no direct information specifying a **first-line treatment** for the broad category of ""aggressive non-follicular lymphoma"" (Агрессивные нефолликулярные лимфомы).

However, the knowledge graph allows for the following clinically relevant inferences:

1.  **Treatment is Condition-Specific:** ""Aggressive non-follicular lymphomas"" is an umbrella term encompassing several distinct entities (e.g., diffuse large B-cell lymphoma, Burkitt lymphoma, primary mediastinal B-cell lymphoma). The graph indicates that treatment protocols are specified for specific subtypes, not for the general group.
2.  **Specific Protocols Mentioned:**
    *   For **В-клеточная лимфома высокой степени злокачественности** (high-grade B-cell lymphoma), the protocol **R-mNHL-BFM-90** is listed as a treatment.
    *   For **лимфома средостения** (mediastinal lymphoma), treatments include **ЛТ** (лучевая терапия/radiotherapy), specifically **3D конформная ЛТ с задержкой дыхания на глубоком вдохе** (3D conformal radiotherapy with deep inspiration breath-hold) and **дистанционная лучевая терапия** (external beam radiotherapy).
3.  **Systemic Therapy is Implied:** The presence of the entity **системная противоопухолевая терапия** (systemic anticancer therapy) within the context of these lymphomas strongly suggests that chemotherapy (or chemoimmunotherapy) is a core component of first-line treatment, often in combination with radiotherapy for specific localizations.
4.  **No Single First-Line Agent:** The graph does not name specific chemotherapy drugs (e.g., R-CHOP) as a first-line regimen.

**Conclusion from the Knowledge Graph:**
There is no single first-line treatment for ""aggressive non-follicular lymphoma"" as a whole. Initial therapy is determined by the **specific histological subtype** and **disease localization**. The graph points to subtype-specific protocols (e.g., R-mNHL-BFM-90 for high-grade B-cell lymphoma) and the use of **systemic anticancer therapy combined with radiotherapy** in certain cases (e.g., mediastinal involvement). For a definitive answer, precise histological diagnosis and risk stratification (using indices like IPI/aaIPI mentioned in the graph) are required.",8,7,9,8,The answer's main strength is its clear explanation that treatment depends on specific lymphoma subtypes rather than providing a misleading single protocol.
7,How is Hodgkin lymphoma staged and treated?,Baseline,semantic_only,"Based on the provided knowledge graph context, I cannot answer the question about the staging and treatment of Hodgkin lymphoma. The context contains very limited and specific information about Hodgkin lymphoma and does not include the necessary details regarding staging systems or treatment protocols.

Here is what I can tell you from the available knowledge graph:

*   **Condition:** The graph confirms the existence of ""лимфома Ходжкина"" (Classical Hodgkin lymphoma).
*   **Relation:** It notes a relation to ""первичная медиастинальная В-клеточная крупноклеточная лимфома"" (primary mediastinal large B-cell lymphoma), which is a distinct type of non-Hodgkin lymphoma that can sometimes be considered in differential diagnosis due to similar presentation.

**Crucial Missing Information:**
The knowledge graph lacks all information required for staging and treatment, such as:
*   **Staging:** There is no mention of the Ann Arbor staging system (or any other), stages I-IV, the significance of symptoms (B-symptoms), or the role of imaging (e.g., PET-CT) and bone marrow biopsy in determining stage.
*   **Treatment:** There is no information on standard treatment modalities for Hodgkin lymphoma, such as chemotherapy regimens (e.g., ABVD, BEACOPP), the role of radiotherapy, or the use of newer agents like brentuximab vedotin or immunotherapy (e.g., checkpoint inhibitors).

**Conclusion:**
To answer the question accurately, I would need access to clinical guidelines that detail the specific criteria for the staging (e.g., number/location of involved lymph node regions, extranodal involvement, presence of systemic symptoms) and the standard treatment options based on stage, patient age, and other risk factors. The current knowledge graph context is insufficient for this purpose.",2,1,3,2,"The main weakness is that it fails to provide any actual staging or treatment information, instead focusing on what it cannot answer."
8,What treatment is recommended for follicular lymphoma stage III-IV?,Baseline,semantic_only,"Based on the provided knowledge graph context, there is **no specific information** regarding the recommended treatment for follicular lymphoma, stages III-IV.

The knowledge graph contains information on several lymphoma types and related procedures, but none directly address follicular lymphoma. Specifically, it includes details on:
*   **В-клеточная лимфома высокой степени злокачественности** (High-grade B-cell lymphoma) and its treatment protocol (R-mNHL-BFM-90).
*   **Эндемический вариант лимфомы Беркитта** (Endemic Burkitt lymphoma variant) and its common sites.
*   **Лимфома средостения** (Mediastinal lymphoma) and its radiotherapy treatments.
*   **Лимфобластная (диффузная) лимфома** (Lymphoblastic (diffuse) lymphoma).
*   **Неходжкинская лимфома** (Non-Hodgkin lymphoma) in general, but without treatment specifics.

**Conclusion:** The knowledge graph lacks entities or relations pertaining to **follicular lymphoma** (which is typically a low-grade, indolent form of non-Hodgkin lymphoma) and does not provide any treatment recommendations for its advanced (III-IV) stages. To answer this question, consultation with clinical guidelines specific to follicular lymphoma (e.g., from NCCN, ESMO) would be required.",8,7,6,7,The answer's main strength is its honest acknowledgment of knowledge limitations and clear explanation of why specific treatment information isn't available.
9,What systemic therapy is used for adrenocortical carcinoma?,Baseline,semantic_only,"Based on the provided knowledge graph context, there is no direct link specifying a particular systemic therapy for adrenocortical carcinoma (адренокортикальный рак).

Here is what can be inferred from the structured knowledge:

1.  **Condition Identification:** The knowledge graph contains the entity ""адренокортикальный рак"" (adrenocortical carcinoma), which is a synonym for рак коры надпочечника (cancer of the adrenal cortex).

2.  **General Treatment Category:** The graph states that ""противоопухолевое лечение"" (antitumor treatment) and ""лечение онкологических заболеваний"" (treatment of oncological diseases) are used for oncological diseases in general.

3.  **Specific Systemic Therapy Type:** The entity ""системная противоопухолевая терапия"" (systemic anticancer therapy) is present, which is the broad category of treatment requested in the question. The graph further details that this includes ""противоопухолевая лекарственная терапия"" (antitumor drug therapy), which is a type of drug-based systemic treatment.

4.  **Missing Specific Link:** Crucially, there is **no relation** in the knowledge graph connecting ""адренокортикальный рак"" to ""системная противоопухолевая терапия,"" ""противоопухолевая лекарственная терапия,"" or any specific drug or protocol.

**Conclusion:**
From the provided knowledge graph, I can confirm that **systemic anticancer therapy (системная противоопухолевая терапия)** is a major treatment modality for oncological diseases. This includes drug-based therapies (противоопухолевая лекарственная терапия). However, the graph lacks the specific information needed to state which systemic therapy drugs or regimens are indicated for the specific condition of adrenocortical carcinoma.",7,4,5,5,"The answer's main strength is its clear explanation of what information is missing from the knowledge graph, but its main weakness is that it fails to provide any specific actionable therapy information for the condition."
10,How is anal squamous cell carcinoma treated with chemoradiation?,Baseline,semantic_only,"Based on the provided knowledge graph context, I cannot give a specific answer regarding the treatment of anal squamous cell carcinoma with chemoradiation.  

The knowledge graph does not contain any information about **anal squamous cell carcinoma** as a condition, nor does it mention **chemoradiation** (a combination of chemotherapy and radiation therapy) as a procedure.  

What I can tell you from the context is:  

- **Противоопухолевая химиотерапия** (antitumor chemotherapy) is a procedure that can cause nausea and vomiting.  
- **Специализированное противоопухолевое лечение** (specialized antitumor treatment) includes surgical intervention, radiation therapy (ЛТ), and drug therapy as parts, and is related to inpatient and day hospital care.  
- **Противоопухолевая терапия** (antitumor therapy) treats certain hematological malignancies (ОЛЛ, ОЛЛ/ЛБЛ, ОЛНЛ, ОПЛ).  

However, none of these entries specify treatment for squamous cell carcinoma of the anus or the combination modality of chemoradiation.  

For a clinically accurate answer, guidelines from oncology sources (such as NCCN or ESMO) would be needed, typically describing chemoradiation with agents like mitomycin C/5-FU or capecitabine as a standard organ-preserving approach for localized anal squamous cell carcinoma.",8,7,6,7,The answer's main strength is its clear acknowledgment of knowledge limitations and appropriate referral to authoritative oncology guidelines.
1,What is the treatment protocol for acute lymphoblastic leukemia in children?,w/o Hybrid Retriever,semantic_only,"Based on the provided knowledge graph context, there is no specific information about a treatment protocol for **acute lymphoblastic leukemia (ALL) in children**.

However, the knowledge graph does contain relevant information about **Острые лимфобластные лейкозы (Acute Lymphoblastic Leukemias)** in general. From this, I can state the following:

1.  **General Treatments for ALL:** The graph indicates that the condition ""Острые лимфобластные лейкозы"" is treated by:
    *   **Химиотерапия (Chemotherapy)**
    *   **Аллогенная трансплантация гемопоэтических стволовых клеток (Allogeneic hematopoietic stem cell transplantation)**

2.  **Lack of Pediatric-Specific Data:** The context does not specify if these treatments are for adults, children, or both. It does not mention any pediatric-specific protocol names (such as common regimens like AIEOP-BFM, COG, or UKALL).

3.  **Related Context:** The graph links ""Острые лимфобластные лейкозы"" to the entity ""В-клеточная лимфома высокой степени злокачественности (High-grade B-cell lymphoma),"" for which the treatment protocol **R-mNHL-BFM-90** is listed. This is a pediatric protocol for aggressive B-cell lymphomas, but it is **not** stated as a treatment for ALL in the provided data.

**Conclusion:**
From the structured knowledge provided, I can confirm that chemotherapy and allogeneic stem cell transplantation are established treatment modalities for Acute Lymphoblastic Leukemias. However, **the specific, standardized treatment protocol for the pediatric population is not detailed in this knowledge graph excerpt.** To answer the question fully, information on risk stratification, phases of therapy (induction, consolidation, maintenance), and the names of common pediatric protocols would be required.",7,5,6,6,"The answer's main strength is its clear acknowledgment of knowledge limitations and accurate reporting of available general treatments, but it lacks actionable pediatric-specific protocol details."
2,What induction therapy is used for ALL with BCR-ABL1 mutation?,w/o Hybrid Retriever,semantic_only,"Based on the provided knowledge graph context, the following information is relevant to your question about induction therapy for ALL with a BCR-ABL1 mutation:

1.  **Condition Identification:** The query refers to ""ALL with BCR-ABL1 mutation."" In the knowledge graph, this is directly represented by the entity **""Ph-позитивный ОЛЛ"" (Ph-positive ALL)**, which is stated to be *caused by* **BCR::ABL1**.

2.  **Specific Treatment:** The graph explicitly states that **""ингибиторы тирозинкиназы BCR-ABL"" (BCR-ABL tyrosine kinase inhibitors/TKIs)** are used to *treat* **Ph-позитивный ОЛЛ**.

3.  **Induction Therapy Context:** The graph contains an entity for **""системной индукционной терапии"" (systemic induction therapy)**, which is a standard component of ALL treatment. However, there is **no direct link** in the provided data between this induction therapy entity and Ph-positive ALL or BCR-ABL1 inhibitors.

4.  **BCR-ABL1-like ALL:** The graph also details **""BCR-ABL1-подобных ОЛЛ"" (BCR-ABL1-like ALL)**, a distinct genetic subtype that has a similar gene expression profile to Ph-positive ALL but lacks the classic BCR::ABL1 fusion. It is noted that **ТКИ (TKIs)** are used to *treat* this condition as well.

**Answer:**

According to the structured knowledge graph, the specific pharmacological therapy for **ALL with a BCR-ABL1 mutation (Ph-positive ALL)** is **BCR-ABL tyrosine kinase inhibitors (TKIs)**.

The graph does not specify the exact *induction therapy regimen*. In standard clinical practice, treatment for Ph-positive ALL involves **combining a TKI (such as imatinib, dasatinib, or ponatinib) with systemic induction chemotherapy**. While the knowledge graph confirms both ""systemic induction therapy"" and ""BCR-ABL TKIs"" as separate treatment entities, it does not explicitly link them into a combined regimen for this specific condition.

**Therefore, from the provided context, I can confirm that BCR-ABL tyrosine kinase inhibitors are a core treatment component for this leukemia subtype, but the complete induction therapy protocol (e.g., the specific chemotherapy backbone used with the TKI) is not detailed in the available data.**",8,7,7,8,The answer clearly identifies BCR-ABL TKIs as the core treatment while honestly acknowledging the knowledge graph's limitations regarding specific induction regimens.
3,How is minimal residual disease monitored in acute lymphoblastic leukemia?,w/o Hybrid Retriever,semantic_only,"Based on the provided knowledge graph context, there is no specific information on how minimal residual disease (MRD) is monitored in acute lymphoblastic leukemia (Острые лимфобластные лейкозы).

The knowledge graph confirms the existence of the condition ""Острые лимфобластные лейкозы"" (Acute lymphoblastic leukemias) and lists its known treatments (allogeneic hematopoietic stem cell transplantation and chemotherapy). It also notes its relation to ""технологии искусственного интеллекта"" (artificial intelligence technologies), which may imply advanced diagnostic methods, but no details are given.

Crucially, the graph contains no entities or relations pertaining to **minimal residual disease (MRD)**, nor does it mention specific monitoring techniques such as:
* Flow cytometry
* Polymerase chain reaction (PCR)
* Next-generation sequencing (NGS)

Therefore, from the structured knowledge provided, I cannot answer how MRD is monitored in acute lymphoblastic leukemia. The available information is limited to the condition's classification, associated entities, and general treatment modalities.",2,1,1,2,The main weakness is that the answer provides no actual information about MRD monitoring despite being asked a specific medical question.
4,What is the standard induction chemotherapy for acute myeloid leukemia?,w/o Hybrid Retriever,semantic_only,"Based on the provided knowledge graph context, there is **no specific information** about the standard induction chemotherapy regimen for acute myeloid leukemia (AML).

The knowledge graph contains detailed information about treatments for other conditions, but it does not specify protocols for AML. Here is what can be concluded from the available data:

1.  **The graph focuses on other leukemias and treatments:** The primary leukemia types mentioned are **ОЛЛ** (acute lymphoblastic leukemia, ALL) and **MLL-лейкемия** (a subtype of ALL). The treatment information is centered around **противоопухолевая терапия** (antineoplastic therapy) for these conditions.
2.  **General antineoplastic therapy is described:** The graph details that antineoplastic therapy (which includes chemotherapy) is used to treat various oncological diseases and lists its common side effects (nausea, vomiting, mucositis, anemia). It also mentions specific components like **цитотоксическая химиотерапия** (cytotoxic chemotherapy) and procedures like **тройная интратекальная химиотерапия** (triple intrathecal chemotherapy), but these are not linked to AML.
3.  **AML-specific induction is absent:** The standard induction chemotherapy for AML (which typically involves a combination of an anthracycline, such as daunorubicin or idarubicin, and cytarabine, often referred to as ""7+3"") is not listed among the entities, procedures, or relations in this knowledge graph snippet.

**Conclusion:** While the knowledge graph contains extensive data on antineoplastic therapy principles and treatments for lymphoblastic leukemias, it does not provide the specific answer to the question regarding the **standard induction chemotherapy for acute myeloid leukemia (AML)**. To answer this question, consultation with current AML-specific clinical guidelines is necessary.",8,7,6,7,The answer's main strength is its clear acknowledgment of knowledge limitations and accurate description of what information is available versus missing.
5,How is acute promyelocytic leukemia treated differently from other AML subtypes?,w/o Hybrid Retriever,semantic_only,"Based on the provided knowledge graph context, I cannot answer your question about the specific treatment differences for acute promyelocytic leukemia (APL) compared to other AML subtypes.

**Reason:** The knowledge graph does not contain any information on the entity ""acute promyelocytic leukemia"" (APL or ОПЛ in Russian), its classification, or its specific treatment protocols. The graph's information is focused on other conditions (like MLL-leukemia as part of ALL), general leukemic processes (infiltration, cells), and procedures (leukapheresis), but it lacks details on AML subtypes and their distinct management.

**What I can confirm from the context:**
*   The graph recognizes **MLL-лейкемия** as a subtype, but it is categorized under **ОЛЛ** (Acute Lymphoblastic Leukemia, ALL), not AML.
*   It contains general concepts like **лейкемические клетки** (leukemic cells) and procedures like **лейкоцитаферезы** (leukapheresis), but these are not specific to any particular leukemia subtype.
*   There is no mention of the hallmark genetic abnormality of APL (PML::RARA fusion), nor its targeted therapies like all-trans retinoic acid (ATRA) and arsenic trioxide (ATO), which are the cornerstone of APL treatment and fundamentally distinguish it from other AML subtypes.

**Conclusion:** To answer your question accurately, information on the entity ""acute promyelocytic leukemia"" and its specific treatment relations (e.g., *treated_by* all-trans retinoic acid, arsenic trioxide) would need to be present in the knowledge graph. This data is not available in the provided context.",2,1,3,2,The answer's main weakness is that it fails to provide any actual medical information about APL treatment differences despite being asked a specific medical question.
6,What is the first-line treatment for aggressive non-follicular lymphoma?,w/o Hybrid Retriever,semantic_only,"Based on the provided knowledge graph context, I cannot identify a specific, universal ""first-line treatment"" for aggressive non-follicular lymphoma (Агрессивные нефолликулярные лимфомы).

Here is what I can determine from the available structured data:

1.  **Treatment is Specialized:** The graph indicates that **специализированное противоопухолевое лечение** (specialized anti-tumor treatment) is used for oncological diseases. This treatment is a broad category that includes components like surgery (**хирургическое вмешательство**), radiation therapy (**ЛТ**), and drug therapy (**Медикаментозная терапия**).

2.  **Specific Subtype Information:** For one specific subtype within this group, **В-клеточная лимфома высокой степени злокачественности** (high-grade B-cell lymphoma), the protocol **R-mNHL-BFM-90** is listed as a treatment. This suggests that treatment regimens are often subtype-specific.

3.  **Lack of First-Line Specifics:** The graph does not specify a particular first-line chemotherapy regimen (e.g., R-CHOP, which is a common real-world standard for diffuse large B-cell lymphoma). It also does not detail whether treatment choice depends on staging, patient fitness (hinted at by links to **ECOG**, **IPI**, **aaIPI**), or genetic alterations (**c-MYC**, **BCL2**, **BCL6**).

4.  **Other Relevant Procedures:** For specific presentations like **лимфома средостения** (mediastinal lymphoma), radiation therapy (**ЛТ**) is mentioned as a treatment. The graph also mentions **превентивной лимфодиссекции** (preventive lymph node dissection) for a condition abbreviated **АКР**, but this does not appear to be a primary treatment for the lymphomas in question.

**Conclusion:** The knowledge graph confirms that aggressive non-follicular lymphomas require **specialized anti-tumor treatment**, which is multimodal (including drug therapy, radiation, and sometimes surgery). For a specific high-grade B-cell subtype, the **R-mNHL-BFM-90** protocol is noted. However, the context lacks the necessary detail to state a definitive, universal first-line treatment, which in clinical practice is typically a specific immunochemotherapy regimen chosen based on the exact lymphoma subtype, stage, and patient risk factors.",8,6,9,7,The answer's main strength is its thorough analysis of the knowledge graph's limitations and its clear explanation of why a definitive first-line treatment cannot be provided from the available data.
7,How is Hodgkin lymphoma staged and treated?,w/o Hybrid Retriever,semantic_only,"Based on the provided knowledge graph context, I cannot answer your question about the staging and treatment of **Hodgkin lymphoma**.

Here is what I can tell you from the available information:

*   The knowledge graph contains information about **Non-Hodgkin lymphoma (неходжкинская лимфома)** and its relation to procedures like пункционная биопсия (puncture biopsy) and conditions like общая интоксикация (general intoxication).
*   It also details specific aggressive lymphomas like **плазмобластная лимфома (plasmablastic lymphoma)** and **эндемический вариант лимфомы Беркитта (endemic Burkitt lymphoma variant)**, including some of their anatomical sites and treatments (e.g., леналидомид, R-mNHL-BFM-90).
*   The graph mentions the chemotherapy regimen **CHOP** in relation to treating non-Hodgkin lymphomas (неходжкинских лимфом).

**Crucially, the graph does not contain any specific entities, relations, or clinical data related to Hodgkin lymphoma (лимфома Ходжкина).** While one entry lists ""лимфома Ходжкина"" as an ""Also known as"" for non-Hodgkin lymphoma, this appears to be a contextual error or mislabeling, as Hodgkin and non-Hodgkin lymphomas are distinct diagnostic categories.

**Therefore, to answer your question accurately, I would need access to clinical guidelines and a knowledge graph specifically detailing the staging systems (such as the Lugano or Ann Arbor classification) and standard treatment protocols (which may include chemotherapy regimens like ABVD, radiotherapy, etc.) for Hodgkin lymphoma.**",2,3,4,3,The answer correctly identifies its inability to address the question but fails to provide any actual information about Hodgkin lymphoma staging or treatment.
8,What treatment is recommended for follicular lymphoma stage III-IV?,w/o Hybrid Retriever,semantic_only,"Based on the provided knowledge graph context, there is **no specific information** about the recommended treatment for **follicular lymphoma stage III-IV**.

The knowledge graph contains information about several lymphoma types and treatments, but none directly address follicular lymphoma. Specifically:

1.  The graph details **В-клеточная лимфома высокой степени злокачественности** (high-grade B-cell lymphoma), which is an aggressive form, and mentions the treatment protocol **R-mNHL-BFM-90** for it. However, follicular lymphoma is typically an indolent (low-grade) lymphoma, not a high-grade one.
2.  Other mentioned conditions like **лимфома средостения** (mediastinal lymphoma) and **эндемический вариант лимфомы Беркитта** (Burkitt lymphoma) have different treatment approaches (e.g., ЛТ - лучевая терапия/radiation therapy) but are distinct entities from follicular lymphoma.
3.  The general entity **неходжкинская лимфома** (non-Hodgkin lymphoma) is mentioned, but no treatment recommendations are linked to it in this context, and it is a broad category that includes many subtypes.

**Conclusion:** While the knowledge graph contains relevant oncological data, it lacks the specific nodes and relations required to answer the question about therapy for advanced-stage follicular lymphoma. In standard clinical practice, treatment options for stage III-IV follicular lymphoma can include watchful waiting, immunotherapy (e.g., rituximab), chemotherapy, radiation for symptomatic sites, and newer targeted therapies, but this information is not present in the provided context.",8,6,7,7,The answer's main strength is its honest acknowledgment of knowledge limitations while providing relevant clinical context about standard treatments outside the available data.
9,What systemic therapy is used for adrenocortical carcinoma?,w/o Hybrid Retriever,semantic_only,"Based on the provided knowledge graph context, there is no direct information specifying the exact systemic therapy regimen for adrenocortical carcinoma (адренокортикальный рак).

Here is what can be inferred from the available data:

1.  **Condition Identification:** The knowledge graph confirms that ""адренокортикальный рак"" is a synonym for cancer of the adrenal cortex (рак коры надпочечника).

2.  **General Treatment Category:** The primary systemic treatment for oncological diseases, including this one, falls under the broad category of **противоопухолевая терапия** (antitumor therapy). This is a general term encompassing various treatments like chemotherapy, targeted therapy, and immunotherapy.

3.  **Specific Agents Mentioned (Indirectly):** The graph links specific chemotherapeutic agents like **доксорубицин** (doxorubicin) and **фторурацил** (fluorouracil) to противоопухолевая терапия. These are known chemotherapeutic drugs that could be part of regimens for various cancers, but the graph does not explicitly state they are used for adrenocortical carcinoma.

4.  **Lack of Specific Protocol:** The context does not detail a specific chemotherapy combination, targeted therapy, or immunotherapy protocol approved for adrenocortical carcinoma. It also does not mention the role of mitotane, which is a cornerstone of systemic therapy for this specific disease in standard clinical practice.

**Conclusion:**
From the structured knowledge provided, the systemic therapy for adrenocortical carcinoma would be classified as a form of **специализированное противоопухолевое лечение** (specialized antitumor treatment) or **противоопухолевая лекарственная терапия** (antitumor drug therapy), which is a part of **медикаментозная терапия** (drug therapy). However, the specific drugs, combinations, and treatment algorithms for this particular carcinoma are not detailed in the extracted knowledge graph context.",7,4,6,5,"The answer's main strength is its honest acknowledgment of knowledge limitations, but its main weakness is providing no actionable treatment information for this specific cancer."
10,How is anal squamous cell carcinoma treated with chemoradiation?,w/o Hybrid Retriever,semantic_only,"Based on the provided knowledge graph context, there is no specific information on the treatment of anal squamous cell carcinoma with chemoradiation. The graph contains related entities but does not detail a combined chemoradiation protocol for this specific condition.

Here is what can be inferred from the available data:

1.  **Condition Identification:** The knowledge graph includes the entity **""Плоскоклеточный рак анального канала, анального края, перианальной кожи""** (Squamous cell carcinoma of the anal canal, anal margin, perianal skin). This is the condition in question.
2.  **General Treatment Context:** The graph details broad categories of oncological treatment:
    *   **""специализированное противоопухолевое лечение""** (specialized antitumor treatment) is a procedure that is part of both **""ЛТ""** (radiotherapy, likely an abbreviation for лучевая терапия) and **""Медикаментозная терапия""** (drug therapy, which includes chemotherapy).
    *   **""противоопухолевая терапия""** (antitumor therapy) is a related procedure known to treat various oncological diseases and is linked to specific chemotherapeutic agents like **""фторурацил""** (fluorouracil) and **""доксорубицин""** (doxorubicin).

3.  **Missing Specific Link:** Crucially, the graph does **not** establish a direct *treats* or *part_of* relationship between the entity for anal squamous cell carcinoma and the procedures for radiotherapy or drug therapy. It also does not describe a combined modality regimen (chemoradiation) as a standard of care for this cancer.

**Conclusion:** While the knowledge graph confirms the existence of the diagnosis and the general treatment modalities used in oncology (radiotherapy and chemotherapy), it lacks the specific clinical guideline information stating that anal squamous cell carcinoma is treated with concurrent chemoradiation, nor does it specify the chemotherapeutic agents or radiation protocols used.

For a clinically accurate answer, one would need guidelines specifying that definitive chemoradiation (typically with a regimen like fluorouracil and mitomycin C combined with radiation) is the standard non-surgical treatment for localized anal squamous cell carcinoma. This specific treatment pathway is not captured in the provided graph context.",8,6,7,7,The answer's main strength is its clear acknowledgment of knowledge limitations and structured breakdown of what can and cannot be inferred from the available data.
1,What is the treatment protocol for acute lymphoblastic leukemia in children?,w/o Deduplication,hybrid_rrf,"Based on the provided knowledge graph context, I can give a structured overview of the treatment approach for acute lymphoblastic leukemia (ОЛЛ) in children. However, the graph does not contain specific pediatric protocol names (like COG or AIEOP protocols) or detailed phase-based regimens for children. Instead, it provides general treatment principles and components that are applicable.

Here is the treatment protocol for pediatric ALL, synthesized from the available information:

The treatment for **acute lymphoblastic leukemia (Острый лимфобластный лейкоз, ОЛЛ)** is complex, multi-phase, and based on intensive chemotherapy. The primary goal is to achieve and maintain complete remission.

**Core Treatment Phases:**
1.  **Индукция ремиссии (Induction Therapy):** This is the initial intensive phase aimed at rapidly destroying leukemic cells in the bone marrow and blood to achieve complete remission. The graph confirms that **индукция** is a treatment for ОЛЛ.
2.  **Консолидация/Интенсификация (Consolidation/Intensification Therapy):** After remission, this phase uses different chemotherapeutic agents to eliminate any remaining minimal residual disease (MRD) and prevent relapse. The graph lists **консолидация** as a treatment for ОЛЛ.
3.  **Поддерживающая терапия (Maintenance Therapy):** A longer, less intensive phase lasting years, designed to prevent relapse by suppressing any residual leukemic cells. The graph explicitly states **поддерживающая терапия** treats ОЛЛ and is related to the condition ""острый лимфобластный лейкоз/лимфома.""

**Key Treatment Modalities & Agents (from the graph):**
*   **Химиотерапия (Chemotherapy):** The backbone of treatment. The graph states **химиотерапия** treats ""Острые лимфобластные лейкозы.""
*   **Цитостатические препараты (Cytostatic drugs):** A broad category of chemotherapy drugs used in treatment, listed for both ОЛЛ and ОМЛ.
*   **Трансплантация гемопоэтических стволовых клеток (ТГСК) / аллогенная трансплантация (Allogeneic Hematopoietic Stem Cell Transplantation, аллоТГСК):** This is a critical option for high-risk or relapsed disease. The graph notes that **трансплантация гемопоэтических стволовых клеток** and **аллогенная трансплантация гемопоэтических стволовых клеток (алло-ТГСК)** treat ""Острые лимфобластные лейкозы"" and ОМЛ, implying its role in high-risk scenarios.

**Important Considerations for Specific Subtypes (from the graph):**",7,6,7,7,The answer provides a well-structured overview of treatment phases and modalities but lacks specific pediatric protocol details and actionable guidance for clinical application.
2,What induction therapy is used for ALL with BCR-ABL1 mutation?,w/o Deduplication,hybrid_rrf,"Based on the provided knowledge graph context, I can provide the following information regarding induction therapy for ALL with a BCR-ABL1 mutation.

The knowledge graph specifies that **ингибиторы тирозинкиназы BCR-ABL (BCR-ABL tyrosine kinase inhibitors or TKIs)** are used to treat **Ph-позитивные ОЛЛ (Ph-positive ALL)**. The entity **BCR::ABL1** is explicitly noted to cause Ph-positive ALL.

Therefore, for **ALL with a BCR-ABL1 mutation** (which corresponds to Ph-positive ALL caused by the BCR::ABL1 fusion gene, typically from the t(9;22) translocation), a key component of induction therapy would include a **BCR-ABL tyrosine kinase inhibitor (TKI)**.

**Important Context and Limitations from the Knowledge Graph:**

1.  **Specific Entity:** The therapy is directly linked to ""Ph-позитивные ОЛЛ,"" which is the clinical entity resulting from the BCR::ABL1 mutation.
2.  **Distinction from BCR-ABL1-*like* ALL:** The graph carefully distinguishes between **BCR::ABL1** (Ph-positive ALL) and **BCR-ABL1-подобных ОЛЛ (BCR-ABL1-like ALL)**. These are different subtypes:
    *   **BCR::ABL1 (Ph+ ALL):** Has the actual BCR-ABL1 fusion gene. Treated with TKIs.
    *   **BCR-ABL1-like ALL (Ph-*like* ALL):** Has a similar gene expression profile but *not* the BCR-ABL1 fusion. The graph notes that TKIs are also used for this subtype (**BCR-ABL1*-подобный ОЛЛ**), likely due to activation of similar kinase signaling pathways (e.g., involving ABL1, ABL2, JAK2, PDGFRB).
3.  **Missing Specifics:** The knowledge graph does **not** provide details on:
    *   The specific TKI drugs (e.g., imatinib, dasatinib, ponatinib).
    *   The exact combination chemotherapy regimen used during the **индукционной терапии (induction therapy)** phase alongside the TKI.
    *   Dosing or duration of therapy.

**Answer Summary:**

For **ALL with a BCR-ABL1 mutation (Ph-positive ALL)**, standard induction therapy includes **combination chemotherapy integrated with a BCR-ABL tyrosine kinase inhibitor (TKI)**. The addition of a TKI to chemotherapy is a critical, targeted component of modern treatment for this subtype.

For the related but genetically distinct **BCR-ABL1-like (Ph-like) ALL**, the knowledge graph also indicates the use of TKIs, suggesting that targeted kinase",8,6,7,7,"The answer's main strength is its clear distinction between Ph-positive ALL and Ph-like ALL, but it lacks specific drug names and chemotherapy details that would make it more actionable."
3,How is minimal residual disease monitored in acute lymphoblastic leukemia?,w/o Deduplication,hybrid_rrf,"Based on the provided knowledge graph, minimal residual disease (MRD) monitoring in acute lymphoblastic leukemia (ALL) is performed using specialized laboratory techniques. The graph does not specify a particular sequence or timing for testing, but it details the core diagnostic methods.

Here is a comprehensive and clinically accurate answer based on the extracted knowledge:

**Monitoring of minimal residual disease (MRD) in acute lymphoblastic leukemia is primarily conducted using two advanced methodological approaches:**

1.  **Проточная цитометрия (Flow Cytometry):** Specifically, the graph mentions **многоцветная проточная цитометрия (multicolor flow cytometry)** as a diagnostic method for Острый лимфобластный лейкоз (ОЛЛ). This technique is used for immunophenotyping to detect abnormal leukemic cell populations at very low levels (MRD) that are not visible by conventional microscopy.

2.  **Молекулярно-биологические методы (Molecular Biological Methods):** This category includes techniques such as **ПЦР в реальном времени (real-time PCR)**, which is also listed as a diagnostic method for Острый лимфобластный лейкоз (ОЛЛ). These methods detect leukemia-specific genetic markers (e.g., gene rearrangements, fusion transcripts, mutations) with high sensitivity to identify residual disease.

**Additional Context from the Knowledge Graph:**
*   The entity **""мониторинг минимальной остаточной болезни"" (minimal residual disease monitoring)** is explicitly linked to both **проточная цитометрия (flow cytometry)** and **молекулярно-биологические методы (molecular biological methods)**.
*   MRD monitoring is also **related to иммунофенотипирование (immunophenotyping)**, which is the principle behind flow cytometric MRD detection.
*   The graph associates specific genetic alterations (e.g., in *IKZF1*, *CDKN2A/B*, *PAX5*) with **BCR-ABL1-подобных ОЛЛ (BCR-ABL1-like ALL)**, which are examples of the types of molecular targets that can be tracked using PCR-based MRD assays.

**Limitations of the Provided Information:**
The knowledge graph does not contain details on:
*   The specific clinical time points for MRD assessment (e.g., after induction, after consolidation).
*   The sensitivity thresholds of the different methods.
*   How MRD results are used to guide risk stratification and treatment decisions (e.g., intensification, transplantation).
*   The use of next-generation sequencing (NGS) for MRD monitoring, which is not mentioned in the provided context.

In summary, MRD in ALL is monitored using highly sensitive techniques, primarily **multicolor flow cytometry** and **molecular methods (like real-time PCR)**, to detect and quantify residual leukemic cells.",8,7,8,8,"The answer's main strength is its detailed explanation of both flow cytometry and molecular methods for MRD monitoring, including specific techniques and genetic targets."
4,What is the standard induction chemotherapy for acute myeloid leukemia?,w/o Deduplication,hybrid_rrf,"Based on the provided knowledge graph context, the standard induction chemotherapy for acute myeloid leukemia (AML, or ОМЛ) is not specified as a single named regimen (like ""7+3""). However, the graph details the components, phases, and protocols used in treatment.

Here is a comprehensive answer synthesized from the context:

**Induction Therapy for AML (ОМЛ)**

The primary goal of induction therapy is to achieve complete remission. The knowledge graph indicates that induction is a critical phase and mentions several key agents and protocols:

1.  **Procedure Name:** The process is referred to as **индукционная химиотерапия** (induction chemotherapy) or **интенсивная индукционная химиотерапия** (intensive induction chemotherapy).

2.  **Active Chemotherapeutic Agents:** The graph lists several drugs with a `[treats]` relation to ОМЛ that are commonly used in induction regimens:
    *   **Цитарабин** (Cytarabine) - A backbone of AML therapy.
    *   **Антрациклины** (Anthracyclines), specifically mentioned are:
        *   **Даунорубицин** (Daunorubicin)
        *   **Идарубицин** (Idarubicin)
    *   **Этопозид** (Etoposide)
    *   **Митоксантрон** (Mitoxantrone)

3.  **Treatment Protocols:** The graph references specific protocol names used to treat AML, which include induction phases:
    *   **AML-BFM-98**
    *   **AML-BFM-2004**
    *   **ML-DS-2006** (for AML associated with Down syndrome, or ДС)

4.  **Combination Therapy:** The term **полихимиотерапия** (polychemotherapy) is explicitly linked to treating AML, confirming that standard induction involves combinations of the drugs listed above.

5.  **Important Considerations & Contraindications:**
    *   **Intensive induction** is contraindicated (`[contraindicated_for]`) for patients with **сопутствующие заболевания** (comorbidities) or **тяжелое соматическое состояние** (severe somatic condition).
    *   For patients unfit for intensive chemotherapy, the graph mentions alternative agents like **венетоклакс** (Venetoclax) and **децитабин** (Decitabine).

**Conclusion from Knowledge Graph:**
The standard induction chemotherapy for AML involves **intensive polychemotherapy** based on combinations of **cytarabine and anthracyclines** (e.g., daunorubicin or idarubicin), often supplemented with other agents like etoposide. This is administered within the framework of established protocols (e.g., AML-BFM). The specific regimen (drug doses, schedule) is not detailed in",8,7,9,8,"The answer provides a thorough synthesis of treatment components, protocols, and considerations from the knowledge graph, though it lacks specific regimen details like '7+3' dosing."
5,How is acute promyelocytic leukemia treated differently from other AML subtypes?,w/o Deduplication,hybrid_rrf,"Based on the provided knowledge graph context, there is **no specific information** on how Acute Promyelocytic Leukemia (APL or Острый промиелоцитарный лейкоз) is treated differently from other Acute Myeloid Leukemia (AML or ОМЛ) subtypes.

The knowledge graph establishes the following:
1.  **Classification:** APL is correctly identified as a subtype of AML (`Острый промиелоцитарный лейкоз --[part_of]--> Острый миелобластный лейкоз` and `ОПЛ --[part_of]--> Острые миелоидные лейкозы`).
2.  **General AML Treatments:** The graph lists numerous treatments for generic AML, including:
    *   Chemotherapy regimens (цитарабин, антрациклины, идарубицин, даунорубицин, флударабин).
    *   Targeted therapy (венетоклакс).
    *   Hypomethylating agents (децитабин).
    *   Consolidation therapy (консолидационная терапия).
    *   Allogeneic stem cell transplantation (аллогенная трансплантация гемопоэтических стволовых клеток, алло-ТГСК).
3.  **APL-Specific Context:** For APL specifically, the graph mentions related concepts like `PML-RARA` fusion, `молекулярная ремиссия`, and `резистентная форма`, but **crucially, it contains no `treats` relations linking any specific therapy to APL.**

**Conclusion from the Knowledge Graph:**
While the graph confirms APL is a distinct entity within AML, it lacks the necessary data to describe its unique treatment paradigm. In standard clinical practice, APL is treated dramatically differently with all-trans retinoic acid (ATRA) and arsenic trioxide (ATO)-based regimens, which are highly specific and not typically used for other AML subtypes. This critical differentiating information is **not present** in the provided context.",2,1,3,2,The answer correctly identifies the knowledge gap but fails to provide the critical clinical information about ATRA/ATO treatment that distinguishes APL from other AML subtypes.
6,What is the first-line treatment for aggressive non-follicular lymphoma?,w/o Deduplication,hybrid_rrf,"Based on the provided knowledge graph context, there is no explicit statement specifying a **first-line treatment** for the general condition ""aggressive non-follicular lymphoma"" (Агрессивные нефолликулярные лимфомы).

However, the graph allows for the following relevant inferences:

1.  **Aggressive non-follicular lymphomas are a group** that includes specific subtypes like Diffuse Large B-cell Lymphoma (ДВКЛ), Burkitt lymphoma (ЛБ), and others.
2.  For the broader category of **non-Hodgkin lymphomas (неходжкинских лимфом)**, the graph lists **CHOP** as a treatment (`CHOP --[treats]--> неходжкинских лимфом`). Historically, CHOP (cyclophosphamide, doxorubicin, vincristine, prednisone) was a standard first-line regimen for aggressive lymphomas like DLBCL.
3.  For **aggressive B-cell lymphomas (агрессивные В-клеточные лимфомы)**, the graph mentions **infusion therapy (инфузионная терапия)** as a treatment, but this is a supportive modality, not a specific first-line chemotherapy regimen.
4.  The graph contains detailed diagnostic and causal information for these lymphomas but lacks specific therapeutic protocols for the grouped entity.

**Conclusion from the knowledge graph:**
While the graph confirms CHOP as a treatment for non-Hodgkin lymphomas, it does not explicitly designate it or any other regimen as the *first-line* treatment for the specific entity ""aggressive non-follicular lymphoma."" In modern clinical practice, the first-line treatment for the most common subtype within this group (Diffuse Large B-cell Lymphoma) is typically **R-CHOP** (rituximab plus CHOP), but this specific combination is not mentioned in the provided context.

**Answer:**
The knowledge graph does not specify a first-line treatment for aggressive non-follicular lymphoma. It indicates that **CHOP** is a treatment used for non-Hodgkin lymphomas, a broader category that includes aggressive types. For more specific, guideline-directed therapy (such as R-CHOP for DLBCL), information beyond the provided graph is required.",8,7,7,8,"The answer's main strength is its clear distinction between what the knowledge graph explicitly states and what constitutes modern clinical practice, while honestly acknowledging its limitations."
7,How is Hodgkin lymphoma staged and treated?,w/o Deduplication,hybrid_rrf,"Based on the provided knowledge graph context, I cannot provide a specific answer regarding the staging and treatment of Hodgkin lymphoma (лимфома Ходжкина).

**Here is what I can tell you from the available information:**

The knowledge graph contains only one direct entry for Hodgkin lymphoma, which states it is related to ""первичная медиастинальная В-клеточная крупноклеточная лимфома"" (primary mediastinal B-cell large cell lymphoma). This suggests a clinical or pathological differential diagnosis consideration, but it does not contain any data on staging systems (such as the Ann Arbor or Lugano classifications) or specific treatment modalities (such as chemotherapy regimens like ABVD or BEACOPP, radiotherapy fields, or the role of PET/CT in staging).

**For comprehensive and clinically accurate information on Hodgkin lymphoma staging and treatment,** you would need to consult current clinical guidelines. Standard management typically involves:
*   **Staging:** Based on physical exam, imaging (CT, PET/CT), and bone marrow biopsy, categorized into limited (stage I-II) and advanced (stage III-IV) disease.
*   **Treatment:** Often involves combination chemotherapy (e.g., ABVD, BEACOPP) followed by radiotherapy for limited-stage disease, and chemotherapy alone or with newer agents (e.g., brentuximab vedotin, checkpoint inhibitors) for advanced or relapsed disease.

The knowledge graph context is primarily focused on various types of **non-Hodgkin lymphomas** (e.g., Diffuse Large B-Cell Lymphoma, aggressive lymphomas) and their associated diagnoses, causes, and treatments.",8,9,7,8,"The answer's main strength is its clear delineation between what information is available versus what is missing, while still providing useful general guidance on staging and treatment approaches."
8,What treatment is recommended for follicular lymphoma stage III-IV?,w/o Deduplication,hybrid_rrf,"Based on the provided knowledge graph context, there is no specific information regarding the treatment of **follicular lymphoma stage III-IV**.

The knowledge graph contains detailed information on several lymphoma types, including:
*   **Агрессивные нефолликулярные лимфомы (Aggressive non-follicular lymphomas):** This category includes diffuse large B-cell lymphoma, Burkitt lymphoma, and others, but explicitly excludes follicular lymphomas by definition.
*   **Лимфобластные лейкозы/лимфомы (Lymphoblastic leukemias/lymphomas)**
*   **Лимфома Беркитта (Burkitt lymphoma)**
*   **Лимфома средостения (Mediastinal lymphoma)**
*   **Неходжкинская лимфома (Non-Hodgkin lymphoma)** as a broad category.

However, **follicular lymphoma** is a distinct, indolent (slow-growing) type of non-Hodgkin lymphoma. The treatment approaches for stage III-IV follicular lymphoma (which involve widespread lymph nodes or extranodal sites) differ significantly from the aggressive lymphomas listed in the knowledge base. Common strategies can include active surveillance, radiotherapy for localized symptoms, immunotherapy (e.g., rituximab), chemotherapy, or combined modality treatments.

**Conclusion:** The knowledge graph does not contain entities or relations pertaining to follicular lymphoma, its staging, or its recommended therapies. Therefore, I cannot provide a treatment recommendation for follicular lymphoma stage III-IV based on the given context.",8,6,7,7,The answer's main strength is its clear explanation of why specific treatment information isn't available while correctly identifying follicular lymphoma's characteristics and common treatment strategies.
9,What systemic therapy is used for adrenocortical carcinoma?,w/o Deduplication,hybrid_rrf,"Based on the provided knowledge graph, the following systemic therapies are used for adrenocortical carcinoma (АКР):

**First-line Chemotherapy Regimens:**
*   **EDP+M:** A combination of **этопозид** (etoposide), **доксорубицин** (doxorubicin), **цисплатин** (cisplatin) plus **митотан** (mitotane).
*   **EP+M:** A combination of **этопорубицин** (etoposide), **цисплатин** (cisplatin) plus **митотан** (mitotane).
*   **EC+M:** A combination of **этопозид** (etoposide), **карбоплатин** (carboplatin) plus **митотан** (mitotane).

**Other Systemic Agents:**
*   **Митотан (mitotane)** is a cornerstone of therapy, used both in combination regimens and as monotherapy (**терапия митотаном**).
*   **Гемцитабин (gemcitabine)**
*   **Капецитабин (capecitabine)**
*   **Темозоломид (temozolomide)**
*   **Препараты платины (platinum-based drugs, L01XA)**, such as cisplatin and carboplatin, are key components.

**Supportive Therapy:**
*   **Флудрокортизон (fludrocortisone)** is used, likely for adrenal replacement therapy in the context of mitotane-induced adrenal insufficiency.

**Important Note from the Graph:** The graph specifically lists **антрациклины (anthracyclines)** as **contraindicated for (contraindicated_for)** АКР. This is a critical clinical warning, though doxorubicin (an anthracycline) is paradoxically part of the EDP+M regimen, suggesting its use may be context-specific (e.g., in certain aggressive settings) and requires careful consideration.

**Summary:** The primary systemic treatment for adrenocortical carcinoma involves platinum-based combination chemotherapy (etoposide, doxorubicin, cisplatin or etoposide, carboplatin) together with mitotane. Other options include gemcitabine, capecitabine, and temozolomide. Mitotane therapy is central, and fludrocortisone is used for supportive management. The contraindication of anthracyclines is a notable point of caution.",9,8,9,9,The answer's main strength is its detailed breakdown of specific chemotherapy regimens and critical contraindication warnings.
10,How is anal squamous cell carcinoma treated with chemoradiation?,w/o Deduplication,hybrid_rrf,"Based on the knowledge graph provided, the treatment of anal squamous cell carcinoma with chemoradiation is addressed under the broader entity **""Рак анального канала""** (Anal Canal Cancer), which includes squamous cell carcinoma.

The primary chemoradiation regimen specified in the knowledge graph for treating this condition is:

*   **Химиолучевая терапия (Chemoradiation Therapy)**: This is directly listed as a treatment for anal canal cancer (`Relation: химиолучевая терапия --[treats]--> Рак анального канала`).
*   **Specific Chemotherapy Agents**: The graph details specific chemotherapy drugs used as part of treatment:
    *   **Цисплатин (Cisplatin)**
    *   **Фторурацил (Fluorouracil)**
    *   The combination of these agents is a cornerstone of modern chemoradiation for anal cancer.

**Additional Context from the Knowledge Graph:**

The entity **""Плоскоклеточный рак анального канала, анального края, перианальной кожи""** (Squamous cell carcinoma of the anal canal, anal margin, perianal skin) is noted, confirming that squamous cell histology is the primary type for this location. Furthermore, the graph lists **""ХЛТ""** (an abbreviation for Химиолучевая Терапия, i.e., Chemoradiation Therapy) as a specific treatment for anal canal cancer.

**Important Considerations from the Graph:**

While chemoradiation is a primary treatment, the knowledge graph also lists other therapeutic options that may be used in different stages or scenarios, such as:
*   Surgical options (e.g., операция Дюкена - abdominoperineal resection, тазовая лимфодиссекция - pelvic lymphadenectomy).
*   Radiation therapy alone (`лучевая терапия`).
*   Various supportive and rehabilitative therapies (e.g., ЛФК, физиотерапия).

**Conclusion:**

According to the provided knowledge graph, **anal squamous cell carcinoma is treated with chemoradiation (химиолучевая терапия/ХЛТ), utilizing chemotherapy agents such as cisplatin and fluorouracil.** This is indicated as a standard treatment modality for ""Рак анального канала,"" which encompasses squamous cell carcinoma. The graph does not provide specific details on radiation dosing, fractionation, or the exact sequencing of chemotherapy with radiation.",8,7,8,8,"The answer effectively details the primary chemoradiation regimen with specific agents while acknowledging other treatment options, though it lacks practical details like dosing or sequencing."
1,What is the treatment protocol for acute lymphoblastic leukemia in children?,Full System (Ours),hybrid_rrf,"Based on the provided knowledge graph context, there is **no specific information on treatment protocols for acute lymphoblastic leukemia (ALL) in children**.

The knowledge graph contains detailed information about **Острые лимфобластные лейкозы** (Acute Lymphoblastic Leukemias) and **Острый лимфобластный лейкоз (ОЛЛ)** as entities, including general treatment modalities and diagnostic methods. However, the data lacks specific pediatric protocols.

Here is what can be concluded from the available context:

**General Treatment Modalities for ALL (from the graph):**
*   **Chemotherapy (химиотерапия):** Listed as a treatment for ""Острые лимфобластные лейкозы.""
*   **Allogeneic Hematopoietic Stem Cell Transplantation (аллогенная трансплантация гемопоэтических стволовых клеток):** Listed as a treatment for ""Острые лимфобластные лейкозы.""
*   **Treatment Phases for ОЛЛ:** The graph specifies that the treatment for ""Острый лимфобластный лейкоз (ОЛЛ)"" includes:
    *   Индукция (Induction therapy)
    *   Консолидация (Consolidation therapy)
    *   Поддерживающая терапия (Maintenance therapy)
*   **Cytostatic drugs (цитостатические препараты)** are also listed as a treatment for ОЛЛ.

**Critical Gaps in Information for the Question:**
1.  **Age Specification:** None of the relations for ALL entities specify ""children"" or a pediatric population. The protocols mentioned are general.
2.  **Specific Pediatric Protocols:** Well-known international pediatric ALL protocols (such as BFM, COG, or UKALL protocols) are **not mentioned** in the context for ALL. In contrast, the graph lists specific protocols like **ML-DS-2006, AML-BFM-98, AML-BFM-2004** for **ОМЛ (AML)**, but no analogous pediatric ALL protocols are provided.
3.  **Risk Stratification:** There is no information on how treatment intensity is modified based on pediatric risk groups (standard, high, very high risk).
4.  **Specific Drug Regimens:** While chemotherapy is mentioned, the specific combination regimens (e.g., using vincristine, asparaginase, corticosteroids) that form the backbone of pediatric ALL therapy are not detailed.

**Conclusion:**
The knowledge graph confirms that Acute Lymphoblastic Leukemia is treated with chemotherapy (in phases of induction, consolidation, and maintenance) and potentially with stem cell transplantation. However, it does not contain the necessary details to describe the **specific treatment protocol for children**. Pediatric ALL therapy is highly protocol-driven, risk-adapted, and distinct from adult therapy, but this level of detail is absent from the provided",8,6,7,7,The answer's main strength is its clear acknowledgment of knowledge limitations and detailed explanation of what information is missing for pediatric protocols.
2,What induction therapy is used for ALL with BCR-ABL1 mutation?,Full System (Ours),hybrid_rrf,"Based on the provided knowledge graph context, I can provide the following information regarding induction therapy for ALL with a BCR-ABL1 mutation.

The knowledge graph specifies two key entities:

1.  **BCR::ABL1** is identified as a chimeric gene in leukemias, which causes **Ph-позитивный ОЛЛ** (Philadelphia chromosome-positive ALL).
2.  **ингибиторы тирозинкиназы BCR-ABL** (BCR-ABL tyrosine kinase inhibitors, or TKIs) are listed as a treatment for **Ph-позитивный ОЛЛ**.

**Answer:**

For Acute Lymphoblastic Leukemia (ALL) with a **BCR-ABL1 mutation** (i.e., Philadelphia chromosome-positive ALL), the induction therapy includes **BCR-ABL tyrosine kinase inhibitors (TKIs)**.

The knowledge graph does not specify the exact chemotherapy regimen used in combination with TKIs during induction. In modern clinical practice, a TKI (such as imatinib, dasatinib, or ponatinib) is combined with standard multi-agent **системной индукционной терапии** (systemic induction chemotherapy). The graph confirms that systemic induction therapy is a standard procedure for leukemia treatment, but it does not detail the specific chemotherapy drugs used for this subtype.

**Summary:**
*   **Core Induction Component:** BCR-ABL tyrosine kinase inhibitors (TKIs).
*   **Probable Combination:** TKIs are used in combination with systemic induction chemotherapy, though the specific chemotherapy backbone is not detailed in the provided context.
*   **Important Distinction:** The knowledge graph also mentions **BCR-ABL1-подобных ОЛЛ** (BCR-ABL1-like ALL), which is a genetically distinct subtype that *mimics* the signaling of Ph+ ALL but lacks the BCR::ABL1 fusion itself. The graph notes that TKIs are also a treatment for this ""BCR-ABL1-like"" subtype. However, the question specifically asks about ALL *with* the BCR-ABL1 mutation, which corresponds definitively to Ph+ ALL.",8,7,7,8,"The answer correctly identifies TKIs as the core induction component and distinguishes between Ph+ ALL and BCR-ABL1-like ALL, but lacks specific chemotherapy regimen details."
3,How is minimal residual disease monitored in acute lymphoblastic leukemia?,Full System (Ours),hybrid_rrf,"Based on the provided knowledge graph context, minimal residual disease (MRD) monitoring in acute lymphoblastic leukemia (ОЛЛ) is conducted using specialized laboratory techniques that can detect very low levels of residual leukemic cells.

The specific methods for monitoring MRD in ОЛЛ are:

1.  **Проточная цитометрия (Flow cytometry):** This technique is used for immunophenotyping to identify and quantify residual leukemia cells based on their specific surface markers.
2.  **Молекулярно-генетических исследований (Molecular genetic studies):** This category includes techniques such as:
    *   **Полимеразная цепная реакция (ПЦР), including ПЦР в реальном времени (Real-time PCR):** Used to detect specific genetic abnormalities or fusion transcripts (e.g., *BCR-ABL1*) at very low levels.
    *   **FISH-исследование (Fluorescence in situ hybridization):** Used to identify specific chromosomal abnormalities.
    *   **Цитогенетическое исследование (Cytogenetic study):** While typically used for initial diagnosis, it provides the genetic context for MRD targets.

The knowledge graph explicitly links the entity **""мониторинг минимальной остаточной болезни""** (MRD monitoring) to these diagnostic procedures for ОЛЛ. It is also noted that MRD monitoring is **related to иммунофенотипирование (immunophenotyping)**, which is the basis for flow cytometric analysis.

**Clinical Context from the Graph:** MRD monitoring is a critical component in the management of Острый лимфобластный лейкоз (ОЛЛ), which follows a treatment pathway consisting of **индукция (induction)**, **консолидация (consolidation)**, and **поддерживающая терапия (maintenance therapy)**. The results of MRD assessment at various time points (e.g., post-induction, post-consolidation) are key for evaluating treatment response, assessing prognosis, and guiding therapeutic decisions, such as the potential need for intensification with **аллогенная трансплантация гемопоэтических стволовых клеток (allogeneic hematopoietic stem cell transplantation)**.

**Limitation of the Provided Context:** The graph does not specify the exact timing of MRD assessments (e.g., day 15, day 33, end of consolidation) or the precise MRD thresholds that define a favorable versus poor response, as these details are typically outlined in specific clinical trial protocols or treatment guidelines.

**Answer:** Minimal residual disease (MRD) in acute lymphoblastic leukemia (ОЛЛ) is monitored using highly sensitive laboratory techniques capable of detecting one leukemic cell among 10,000 to 100,000 normal cells. The primary methods are **multiparameter flow cytometry (immunophenotyping)** and **m",8,7,8,8,The answer provides detailed technical methods and clinical context but is incomplete as it cuts off mid-sentence.
4,What is the standard induction chemotherapy for acute myeloid leukemia?,Full System (Ours),hybrid_rrf,"Based on the provided knowledge graph context, the standard induction chemotherapy for acute myeloid leukemia (ОМЛ) is not specified as a single named regimen (e.g., ""7+3""). However, the graph details several key chemotherapeutic agents and treatment phases that constitute the standard approach.

Here is a comprehensive synthesis of the induction therapy information from the knowledge graph:

**1. Core Chemotherapy Agents for AML Treatment:**
The graph lists multiple drugs with a `[treats]` relation to ОМЛ that are foundational to induction therapy:
*   **Anthracyclines:** **Идарубицин** (idarubicin) and **Даунорубицин** (daunorubicin) are explicitly mentioned. **Митоксантрон** (mitoxantrone) is also listed, which is an anthracenedione used similarly.
*   **Cytarabine (Ara-C):** **Цитарабин** (cytarabine) is a cornerstone of AML therapy.
*   **Other Agents:** **Этопозид** (etoposide) and **Флударабин** (fludarabine) are also listed as treatments for ОМЛ.

**2. Treatment Phases and Protocols:**
The graph structures treatment into phases, with **индукционная терапия** (induction therapy) having a direct `[treats]` relation to ОМЛ. This is followed by **консолидационная терапия** (consolidation therapy) and **постремиссионной терапии** (post-remission therapy).
Specific protocol names mentioned for treating ОМЛ include **AML-BFM-98** and **AML-BFM-2004**, which are well-known pediatric AML protocols.

**3. Additional Treatment Context:**
*   The broader term **полихимиотерапия** (polychemotherapy) is indicated for ОМЛ.
*   For certain patient subgroups (e.g., older or unfit), alternative agents like **венетоклакс** (venetoclax) and **децитабин** (decitabine) are listed.
*   The goal of induction is to achieve **ремиссия** (remission), after which consolidation often involves **аллогенная трансплантация гемопоэтических стволовых клеток (алло-ТГСК/ТГСК)** (allogeneic hematopoietic stem cell transplantation).

**Conclusion:**
While the knowledge graph does not provide the exact combination and dosing schedule, the **standard induction chemotherapy for AML is inferred to be based on a combination of cytarabine (цитарабин) with an anthracycline (such as идарубицин or даунорубицин)**, potentially supplemented by other agents like этопозид. This core induction is part of a structured treatment pathway that includes consolidation and",8,7,9,8,"The answer provides a thorough synthesis of agents and treatment phases from the knowledge graph, but lacks specific dosing details that would make it fully actionable."
5,How is acute promyelocytic leukemia treated differently from other AML subtypes?,Full System (Ours),hybrid_rrf,"Based on the provided knowledge graph context, I can offer a comparison, but it is important to note that the graph contains **limited specific details on the treatment of Acute Promyelocytic Leukemia (APL or Острый промиелоцитарный лейкоз)**.

Here is what can be inferred from the structured data:

### Treatment for Other AML Subtypes (Острые миелоидные лейкозы / ОМЛ)
The knowledge graph lists numerous treatment modalities for AML in general, which typically form the backbone of therapy for most non-APL subtypes:
*   **Chemotherapy:** Intensive induction and consolidation chemotherapy are central. Specific agents and protocols mentioned include:
    *   **Drugs:** цитарабин (cytarabine), антрациклины (anthracyclines like **идарубицин**/idarubicin and **даунорубицин**/daunorubicin), этопозид, митоксантрон, флударабин, кладрибин.
    *   **Protocols:** AIE, ADE, AМЕ, AML-BFM-98, AML-BFM-2004.
*   **Stem Cell Transplantation:** **Аллогенная трансплантация гемопоэтических стволовых клеток (алло-ТГСК)** is a key treatment, especially for high-risk disease.
*   **Other Therapies:** Supportive and alternative agents mentioned include **венетоклакс** (venetoclax), **децитабин** (decitabine), and **Вальпроевая кислота** (valproic acid).
*   **Treatment Phases:** The approach is structured into **индукционная терапия** (induction therapy), **консолидационная терапия** (consolidation therapy), and **поддерживающей терапии** (maintenance therapy).

### Key Differences for Acute Promyelocytic Leukemia (APL)
The knowledge graph does **not** list any specific chemotherapy drugs, protocols, or targeted therapies directly linked to APL treatment. This is a significant data gap in the provided context, as modern APL treatment is highly distinct.

However, the graph does provide critical **contextual clues** that explain *why* APL treatment is different:

1.  **Unique Genetic Marker:** APL is strongly associated with a specific genetic abnormality: **PML-RARA**. This fusion gene is a direct therapeutic target.
2.  **Treatment Goal Defined by Molecular Response:** The graph links APL to specific response criteria not emphasized for general AML:
    *   **Молекулярная ремиссия** (Molecular remission)
    *   **Минимальная остаточная болезнь** (Minimal residual disease, MRD)
    This indicates that treatment efficacy is monitored by highly sensitive PCR tests for the *P",6,5,7,6,The answer effectively contrasts general AML treatment with APL's unique genetic basis but lacks specific APL treatment details like ATRA and arsenic trioxide.
6,What is the first-line treatment for aggressive non-follicular lymphoma?,Full System (Ours),hybrid_rrf,"Based on the knowledge graph provided, I cannot identify a specific, universally stated ""first-line treatment"" for aggressive non-follicular lymphoma (Агрессивные нефолликулярные лимфомы).

Here is what I can determine from the available structured data:

1.  **Condition Group:** The query refers to ""Агрессивные нефолликулярные лимфомы"" (Aggressive non-follicular lymphomas). This is a group that includes several specific types, most notably **Диффузная В-клеточная крупноклеточная лимфома (ДВКЛ)** or Diffuse Large B-cell Lymphoma (DLBCL), which is mentioned as a part of this group.

2.  **Related Treatment Information:**
    *   For the broader category of **неходжкинских лимфом** (non-Hodgkin lymphomas), the knowledge graph states that the regimen **CHOP** is used to treat it (`CHOP --[treats]--> неходжкинских лимфом`).
    *   For a specific subtype that falls under aggressive lymphomas, **лимфома средостения** (mediastinal lymphoma), the graph lists **ЛТ** (лучевая терапия / radiation therapy) and specific radiation techniques as treatments.
    *   For another specific type, **лимфома яичка** (testicular lymphoma), the listed treatments are **орхофуникулэктомия** (orchiectomy) and **лучевая терапия** (radiation therapy).

3.  **Missing Information:** The knowledge graph does **not** contain a direct `treats` relationship from a specific chemotherapy regimen or therapeutic approach to the entity ""Агрессивные нефолликулярные лимфомы"" itself. It also does not specify which of the related treatments might be considered ""first-line.""

**Conclusion from the provided context:**
While CHOP is indicated for non-Hodgkin lymphomas, and specific local therapies are listed for certain aggressive lymphoma subtypes (mediastinal, testicular), the graph lacks the necessary detail to state a definitive first-line treatment for the overall group of aggressive non-follicular lymphomas. In standard clinical practice, the first-line treatment for the most common subtype, DLBCL, is typically R-CHOP (rituximab plus CHOP), but this specific combination is not mentioned in the provided knowledge graph.

**Answer:** The knowledge graph does not specify a first-line treatment for the general condition ""aggressive non-follicular lymphoma."" It indicates that CHOP is used to treat non-Hodgkin lymphomas, and it lists specific treatments for mediastinal and testicular lymphomas, which are subtypes. However, a comprehensive, first-line treatment recommendation for the entire group is not provided",8,6,7,7,The answer's main strength is its thorough analysis of the knowledge graph's limitations while providing relevant context about related treatments and subtypes.
7,How is Hodgkin lymphoma staged and treated?,Full System (Ours),hybrid_rrf,"Based on the provided knowledge graph context, I cannot answer the question about Hodgkin lymphoma's staging and treatment.

**Reason:** The knowledge graph contains extensive information on **Non-Hodgkin lymphomas** (неходжкинская лимфома) and related conditions (e.g., diffuse large B-cell lymphoma, Burkitt lymphoma, acute lymphoblastic leukemia), but it does not contain any specific entities, descriptions, or relations for **Hodgkin lymphoma** (лимфома Ходжкина).

The only mention is in the ""Also known as"" field for ""неходжкинская лимфома,"" which incorrectly lists ""лимфома Ходжкина"" as an alias. This appears to be a contextual error, as Hodgkin and Non-Hodgkin lymphomas are distinct disease categories. The graph lacks all specific data on Hodgkin lymphoma, including its diagnostic criteria, staging systems, and treatment modalities.

**What I can provide from the context is information on related lymphoproliferative disorders:**
*   **Diagnosis for aggressive lymphomas** often involves biopsy, morphological and immunohistochemical analysis, PET/CT, and molecular studies.
*   **Treatments mentioned for other lymphomas** include various chemotherapy regimens (e.g., CHOP, R-CHOP), radiation therapy, targeted therapies (e.g., rituximab), and stem cell transplantation.

**Conclusion:** To answer your question accurately, the knowledge graph would need to include specific entities and relations for Hodgkin lymphoma, which are not present in the provided data.",2,3,4,3,The answer correctly identifies the knowledge gap but fails to provide the requested information about Hodgkin lymphoma staging and treatment.
8,What treatment is recommended for follicular lymphoma stage III-IV?,Full System (Ours),hybrid_rrf,"Based on the provided knowledge graph context, I cannot find specific treatment recommendations for **follicular lymphoma stage III-IV**.

Here is what I can determine from the available information:

1.  **No Direct Information:** The knowledge graph does not contain an entity for ""follicular lymphoma"" or specifically for its stages III and IV. Therefore, there is no direct link to recommended treatments.

2.  **Related Context on Lymphomas:** The graph contains information on other lymphomas, which are distinct entities:
    *   **Aggressive non-follicular lymphomas** (e.g., Diffuse Large B-Cell Lymphoma - ДВКЛ): These are mentioned as a separate group from follicular lymphomas. Treatments listed for related aggressive conditions (like CHOP for non-Hodgkin's lymphomas) are not directly applicable to follicular lymphoma, which typically has a different clinical course and treatment paradigm.
    *   **Other specific lymphomas:** Treatments are listed for conditions like testicular lymphoma, mediastinal lymphoma, and Burkitt's lymphoma, but these are not relevant to follicular lymphoma.

3.  **Information on Staging:** The graph details components of **Stage IIIB** cancer (including T, N, M classifications and involvement of regional lymph nodes), which is a general oncology staging concept. However, this is not linked to follicular lymphoma or its management.

**Conclusion:** The knowledge graph provided does not contain the necessary data to answer the question about first-line or standard treatment options for stage III-IV follicular lymphoma. To answer this question accurately, clinical guidelines specific to follicular lymphoma (which typically involve considerations for immunotherapy, chemotherapy, radiation, or targeted therapies like rituximab, often based on symptom burden and tumor volume) would be required.",8,6,7,7,The answer's main strength is its clear explanation of knowledge limitations and appropriate disclaimers about unrelated lymphoma treatments.
9,What systemic therapy is used for adrenocortical carcinoma?,Full System (Ours),hybrid_rrf,"Based on the knowledge graph context provided, the following systemic therapies are used for adrenocortical carcinoma (АКР):

**Primary Chemotherapy Regimens:**
*   **EDP+M:** A combination regimen of Etoposide, Doxorubicin, Cisplatin, plus Mitotane.
*   **EP+M:** A combination of Etoposide, Cisplatin, plus Mitotane.
*   **EC+M:** A combination of Etoposide, Carboplatin, plus Mitotane.

**Specific Chemotherapeutic and Cytotoxic Agents:**
*   **Mitotane** (also listed as терапия митотаном and митотана): This is a cornerstone adrenolytic agent used both in adjuvant settings and for metastatic disease.
*   **Doxorubicin** (доксорубицин)
*   **Etoposide** (этопозид)
*   **Cisplatin** (цисплатин)
*   **Carboplatin** (карбоплатин)
*   **Platinum-based drugs** in general (препараты платины (L01XA))
*   **Gemcitabine** (гемцитабина)
*   **Capecitabine** (капецитабина)
*   **Temozolomide** (темозоломида)

**Supportive Therapy:**
*   **Fludrocortisone** (флудрокортизон): Used for adrenal replacement therapy in patients on mitotane.

**Important Contraindication:**
*   The graph notes that **anthracyclines** (антрациклины) are contraindicated for АКР. This is a critical point, as doxorubicin is an anthracycline. This suggests that while the EDP regimen is listed, its use (specifically the doxorubicin component) may carry significant risks or require careful consideration.

**Context and Limitations from the Knowledge Graph:**
The graph associates АКР with several research groups (Немецкая группа по изучению АКР, Sloan-Kettering, Туринский университет) and staging systems (ENSAT, UICC, AJCC), indicating that treatment choices are often guided by specialized protocols and disease stage. The graph does not provide specific details on the line of therapy (first-line, second-line), sequencing of regimens, or the clinical scenarios for choosing one regimen over another.

**Answer Summary:**
Systemic therapy for adrenocortical carcinoma primarily involves **mitotane**, either alone or in combination with cytotoxic chemotherapy. Key combination regimens include **EDP+M** (etoposide, doxorubicin, cisplatin, mitotane) and **platinum/etoposide-based therapies plus mitotane** (EP+M, EC+M). Other agents like gemcitabine, capecitabine, and temozolomide are also used. Supportive therapy with",9,8,9,9,"The answer's main strength is its detailed listing of specific drug regimens and agents, including important contraindications and supportive therapies."
10,How is anal squamous cell carcinoma treated with chemoradiation?,Full System (Ours),hybrid_rrf,"Based on the knowledge graph context provided, the treatment of anal squamous cell carcinoma with chemoradiation is addressed under the entity **""Рак анального канала"" (Anal canal cancer)**, which includes squamous cell carcinoma as a subtype.

From the graph, the following specific information is available regarding chemoradiation treatment:

1.  **Primary Chemoradiation Regimens:** The graph lists specific chemotherapy agents used in combination with radiation therapy (chemoradiation):
    *   **Цисплатин (Cisplatin)**
    *   **Фторурацил (Fluorouracil)**
    *   **Митомицин С** is not explicitly listed in the provided context for chemoradiation, though it is a common agent in clinical practice.
    *   The relation `Химиолучевая терапия --[treats]--> Рак анального канала` directly confirms that chemoradiation is a standard treatment.

2.  **Radiation Therapy Techniques:** The graph specifies advanced radiation techniques used:
    *   **IMRT (Intensity-Modulated Radiation Therapy)** is explicitly mentioned as a treatment (`IMRT --[treats]--> Рак анального канала`).
    *   The broader category **Лучевая терапия (Radiation therapy)** is also listed as a treatment.

3.  **Alternative/Secondary Chemotherapy Options:** For contexts such as metastatic disease or specific protocols, the graph lists other systemic agents that may be used:
    *   **Паклитаксел (Paclitaxel)**
    *   **Карбоплатин (Carboplatin)**
    *   **Аналогами пиримидинов (Pyrimidine analogues)** – a class that includes drugs like capecitabine.

4.  **Treatment for Advanced/Metastatic Disease:** The graph indicates that immunotherapy agents are related to the treatment of anal canal cancer, which is typically used in the metastatic setting:
    *   **Ниволумаб (Nivolumab)**
    *   **Пембролизумаб (Pembrolizumab)**

**Important Clinical Context from the Graph:**
*   The condition **""Плоскоклеточный рак анального канала, анального края, перианальной кожи""** is explicitly linked to the ICD-10 code **C21**, confirming its classification.
*   The primary goal of chemoradiation in localized disease is organ preservation, avoiding abdominoperineal resection (which is listed as a consequence `Рак анального канала --[causes]--> брюшно-промежностная экстирпация прямой кишки`).

**Summary:**
According to the provided knowledge graph, anal squamous cell carcinoma is treated with **chemoradiation (химиолучевая терапия)**, utilizing combinations",8,7,9,8,"The answer provides excellent detail on specific chemotherapy agents, radiation techniques, and treatment contexts, though it could be more actionable for patients."
